剧名：《到了30岁还是处男，似乎会变成魔法师》,评分：9.3,观看地址：https://movie.douban.com/subject/35201416/
剧名：《风犬少年的天空》,评分：7.8,观看地址：https://movie.douban.com/subject/30413128/
剧名：《鲁邦的女儿 第二季》,评分：7.4,观看地址：https://movie.douban.com/subject/35154768/
剧名：《#远程恋爱～普通的恋爱是邪道～》,评分：6.4,观看地址：https://movie.douban.com/subject/35182678/
剧名：《启动了》,评分：8.5,观看地址：https://movie.douban.com/subject/34906656/
剧名：《沉默的真相》,评分：9.1,观看地址：https://movie.douban.com/subject/33447642/
剧名：《使徒行者3》,评分：7.1,观看地址：https://movie.douban.com/subject/27195027/
剧名：《艾米丽在巴黎》,评分：7.4,观看地址：https://movie.douban.com/subject/30319440/
剧名：《瞄准》,评分：7.7,观看地址：https://movie.douban.com/subject/30279835/
剧名：《演员请就位 第二季》,评分：6.9,观看地址：https://movie.douban.com/subject/35163988/
剧名：《九尾狐传》,评分：7.5,观看地址：https://movie.douban.com/subject/34937897/
剧名：《半是蜜糖半是伤》,评分：7.3,观看地址：https://movie.douban.com/subject/34857296/
剧名：《在一起》,评分：8.7,观看地址：https://movie.douban.com/subject/34991672/
剧名：《万物生灵》,评分：9.4,观看地址：https://movie.douban.com/subject/34446269/
剧名：《咒术回战》,评分：9.0,观看地址：https://movie.douban.com/subject/34895145/
剧名：《舞蹈风暴 第二季》,评分：9.5,观看地址：https://movie.douban.com/subject/35072850/
剧名：《新西游记 第八季》,评分：9.7,观看地址：https://movie.douban.com/subject/35161298/
剧名：《说唱新世代》,评分：9.0,观看地址：https://movie.douban.com/subject/35134297/
剧名：《全员恶玉》,评分：8.8,观看地址：https://movie.douban.com/subject/35000588/
剧名：《黑袍纠察队 第二季》,评分：8.7,观看地址：https://movie.douban.com/subject/34626347/
剧名：《到了30岁还是处男，似乎会变成魔法师》,评分：9.3,观看地址：https://movie.douban.com/subject/35201416/
剧名：《风犬少年的天空》,评分：7.8,观看地址：https://movie.douban.com/subject/30413128/
剧名：《鲁邦的女儿 第二季》,评分：7.4,观看地址：https://movie.douban.com/subject/35154768/
剧名：《#远程恋爱～普通的恋爱是邪道～》,评分：6.4,观看地址：https://movie.douban.com/subject/35182678/
剧名：《启动了》,评分：8.5,观看地址：https://movie.douban.com/subject/34906656/
剧名：《沉默的真相》,评分：9.1,观看地址：https://movie.douban.com/subject/33447642/
剧名：《使徒行者3》,评分：7.1,观看地址：https://movie.douban.com/subject/27195027/
剧名：《艾米丽在巴黎》,评分：7.4,观看地址：https://movie.douban.com/subject/30319440/
剧名：《瞄准》,评分：7.7,观看地址：https://movie.douban.com/subject/30279835/
剧名：《演员请就位 第二季》,评分：6.9,观看地址：https://movie.douban.com/subject/35163988/
剧名：《九尾狐传》,评分：7.5,观看地址：https://movie.douban.com/subject/34937897/
剧名：《半是蜜糖半是伤》,评分：7.3,观看地址：https://movie.douban.com/subject/34857296/
剧名：《在一起》,评分：8.7,观看地址：https://movie.douban.com/subject/34991672/
剧名：《万物生灵》,评分：9.4,观看地址：https://movie.douban.com/subject/34446269/
剧名：《咒术回战》,评分：9.0,观看地址：https://movie.douban.com/subject/34895145/
剧名：《舞蹈风暴 第二季》,评分：9.5,观看地址：https://movie.douban.com/subject/35072850/
剧名：《新西游记 第八季》,评分：9.7,观看地址：https://movie.douban.com/subject/35161298/
剧名：《说唱新世代》,评分：9.0,观看地址：https://movie.douban.com/subject/35134297/
剧名：《全员恶玉》,评分：8.8,观看地址：https://movie.douban.com/subject/35000588/
剧名：《黑袍纠察队 第二季》,评分：8.7,观看地址：https://movie.douban.com/subject/34626347/
